use Learning_Teaching1;

INSERT INTO MemberOfEducationUnit(ID, Gender, Fname, Lname, DOB, Email)
    VALUE ('000000001','M','Le','Vu','2000-11-20','letuanvu@gmail.com');
INSERT INTO MemberOfEducationUnit(ID, Gender, Fname, Lname, DOB, Email)
    VALUE ('000000002','M','LE','Lam','2000-01-01','lethanhlam@gmail.com');
INSERT INTO MemberOfEducationUnit(ID, Gender, Fname, Lname, DOB, Email)
    VALUE ('000000003','M','Nguyen','Duy','2000-02-02','nguyenhoangduy@gmail.com');
INSERT INTO MemberOfEducationUnit(ID, Gender, Fname, Lname, DOB, Email)
    VALUE ('000000004','M','Nguyen','Nhan','2000-03-03','nguyentrinhan@gmail.com');
INSERT INTO MemberOfEducationUnit(ID, Gender, Fname, Lname, DOB, Email)
    VALUE ('000000005','F','Nguyen','Vien','2000-11-01','nguyenthevien@gmail.com');
INSERT INTO MemberOfEducationUnit(ID, Gender, Fname, Lname, DOB, Email)
    VALUE ('000000006','F','Dao','Tu','2000-09-20','daothanhtu@gmail.com');
INSERT INTO MemberOfEducationUnit(ID, Gender, Fname, Lname, DOB, Email)
    VALUE ('000000007','M','Huynh','Long','2000-07-15','huynhlong@gmail.com');
INSERT INTO MemberOfEducationUnit(ID, Gender, Fname, Lname, DOB, Email)
    VALUE ('000000008','M','Bui','Giang','1990-11-29','buixuangiang@gmail.com');
INSERT INTO MemberOfEducationUnit(ID, Gender, Fname, Lname, DOB, Email)
    VALUE ('000000009','F','Vo Thi Ngoc','Chau','1990-01-01','chauvtn@hcmut.edu.vn');
INSERT INTO MemberOfEducationUnit(ID, Gender, Fname, Lname, DOB, Email)
    VALUE ('000000010','F','Nguyen Thi Ai','Thao','1990-09-20','nguyenaithao@gmail.com');
INSERT INTO MemberOfEducationUnit(ID, Gender, Fname, Lname, DOB, Email)
    VALUE ('000000011','M','Tran','duy','2000-07-17','duybt@hcmut.com');
INSERT INTO MemberOfEducationUnit(ID, Gender, Fname, Lname, DOB, Email)
    VALUE ('000000012','M','Truong','Loc','2000-07-17','loc@hcmut.com');

INSERT INTO MemberOfEducationUnit(ID, Gender, Fname, Lname, DOB, Email)
    VALUE ('000000013','M','Le','Kha','2000-02-21','kha@gmail.com');
INSERT INTO MemberOfEducationUnit(ID, Gender, Fname, Lname, DOB, Email)
    VALUE ('000000014','M','Doan Nguyen','Khang','2000-02-23','khang.doan@gmail.com');
INSERT INTO MemberOfEducationUnit(ID, Gender, Fname, Lname, DOB, Email)
    VALUE ('000000015','M','Nguyen','Van Tan','2000-02-05','tuan.nguyen@gmail.com');
INSERT INTO MemberOfEducationUnit(ID, Gender, Fname, Lname, DOB, Email)
    VALUE ('000000016','M','Ho','Hoai Nam','2000-08-03','nam.ho@gmail.com');
INSERT INTO MemberOfEducationUnit(ID, Gender, Fname, Lname, DOB, Email)
    VALUE ('000000017','F','Do Le','An','2000-10-01','doan@gmail.com');
INSERT INTO MemberOfEducationUnit(ID, Gender, Fname, Lname, DOB, Email)
    VALUE ('000000018','F','Hoang','Tung','2000-02-20','tung.hoang@gmail.com');
INSERT INTO MemberOfEducationUnit(ID, Gender, Fname, Lname, DOB, Email)
    VALUE ('000000019','M','Nguyen','Van Dung','2000-02-15','dung.nguyen@gmail.com');
INSERT INTO MemberOfEducationUnit(ID, Gender, Fname, Lname, DOB, Email)
    VALUE ('000000020','M','Bui','Long','2002-11-29','Long.Bui@gmail.com');
INSERT INTO MemberOfEducationUnit(ID, Gender, Fname, Lname, DOB, Email)
    VALUE ('000000021','M','Nguyen Manh','Thin','1990-01-01','thin@hcmut.edu.vn');
INSERT INTO MemberOfEducationUnit(ID, Gender, Fname, Lname, DOB, Email)
    VALUE ('000000022','M','Vương Bá','Thịnh','1990-09-24','thinh.vb@hcmut.edu.vn');
INSERT INTO MemberOfEducationUnit(ID, Gender, Fname, Lname, DOB, Email)
    VALUE ('000000023','M','Tran Ngọc Bảo','Duy','1996-05-07','duy.tnb@hcmut.com.vn');
INSERT INTO MemberOfEducationUnit(ID, Gender, Fname, Lname, DOB, Email)
    VALUE ('000000024','M','Nguyen An','Khuong','1990-02-18','khuong.nguyen@hcmut.com.vn');

INSERT INTO MemberOfEducationUnit(ID, Gender, Fname, Lname, DOB, Email)
    VALUE ('000000025','M','Bùi Xuân','Giang','1990-12-01','giang.bui@hcmut.edu.vn');
INSERT INTO MemberOfEducationUnit(ID, Gender, Fname, Lname, DOB, Email)
    VALUE ('000000026','M','Nguyễn Đức','Thái','1890-09-24','thai.nguyen@hcmut.edu.vn');
INSERT INTO MemberOfEducationUnit(ID, Gender, Fname, Lname, DOB, Email)
    VALUE ('000000027','M','Thoại','Nam','1986-08-27','nam.thoai@hcmut.com.vn');
INSERT INTO MemberOfEducationUnit(ID, Gender, Fname, Lname, DOB, Email)
    VALUE ('000000028','M','Phan Thi Thanh','Huong','1990-02-18','huong.phan@hcmut.com.vn');

INSERT INTO MemberOfEducationUnit(ID, Gender, Fname, Lname, DOB, Email)
    VALUE ('000000029','M','Nguyen Duy','Nam','1990-11-01','nam12@hcmut.edu.vn');
INSERT INTO MemberOfEducationUnit(ID, Gender, Fname, Lname, DOB, Email)
    VALUE ('000000030','M','Nguyen Hồ','Thịnh','1990-06-24','thinhnv4@hcmut.edu.vn');
INSERT INTO MemberOfEducationUnit(ID, Gender, Fname, Lname, DOB, Email)
    VALUE ('000000031','M','Tran Ngọc','Dung','1996-05-07','dbm2s@hcmut.com.vn');
INSERT INTO MemberOfEducationUnit(ID, Gender, Fname, Lname, DOB, Email)
    VALUE ('000000032','F','Nguyen Thi','Duong','1990-07-18','duong.nguye5n@hcmut.com.vn');

INSERT INTO MemberOfEducationUnit(ID, Gender, Fname, Lname, DOB, Email)
    VALUE ('000000033','F','Bùi Xuân','Thuc','1990-11-01','giang.b1ui@hcmut.edu.vn');
INSERT INTO MemberOfEducationUnit(ID, Gender, Fname, Lname, DOB, Email)
    VALUE ('000000034','F','Nguyễn Đức','Đăng','1890-10-24','dangs.nguyen245@hcmut.edu.vn');
INSERT INTO MemberOfEducationUnit(ID, Gender, Fname, Lname, DOB, Email)
    VALUE ('000000035','F','Thoại Thị',' Hoa','1986-09-27','hoa.th4oai@hcmut.com.vn');
INSERT INTO MemberOfEducationUnit(ID, Gender, Fname, Lname, DOB, Email)
    VALUE ('000000036','F','Phan Thi Thanh','Dương','1990-08-18','duong.phan2@hcmut.com.vn');

INSERT INTO MemberOfEducationUnit(ID, Gender, Fname, Lname, DOB, Email)
    VALUE ('000000037','M','Nguyen Khai','Hung','1990-11-23','hung123@hcmut.edu.vn');
INSERT INTO MemberOfEducationUnit(ID, Gender, Fname, Lname, DOB, Email)
    VALUE ('000000038','M','Nguyen Khiêm','Thư','1990-06-24','thu_pro@hcmut.edu.vn');
INSERT INTO MemberOfEducationUnit(ID, Gender, Fname, Lname, DOB, Email)
    VALUE ('000000039','M','Tran','Diễm','1992-05-22','diemvippro@hcmut.com.vn');
INSERT INTO MemberOfEducationUnit(ID, Gender, Fname, Lname, DOB, Email)
    VALUE ('000000040','F','Nguyen Thi','Hiền','1990-07-18','hien.nguyen123@hcmut.com.vn');

INSERT INTO MemberOfEducationUnit(ID, Gender, Fname, Lname, DOB, Email)
    VALUE ('000000041','F','Bùi Xuân','Mai','1990-11-01','mai.bui12345@hcmut.edu.vn');
INSERT INTO MemberOfEducationUnit(ID, Gender, Fname, Lname, DOB, Email)
    VALUE ('000000042','F','Nguyễn Đức','Chung','1890-10-28','chung.nguyen@hcmut.edu.vn');
INSERT INTO MemberOfEducationUnit(ID, Gender, Fname, Lname, DOB, Email)
    VALUE ('000000043','F','Nguyễn','Niềm','1986-09-27','niem.t@hcmut.com.vn');
INSERT INTO MemberOfEducationUnit(ID, Gender, Fname, Lname, DOB, Email)
    VALUE ('000000044','F','Phan Thi Thanh','Thư','1990-08-18','helloworld@hcmut.com.vn');

INSERT INTO Faculty(FacultyName) VALUE ('Khoa khoa hoc va ki thuat may tinh');
INSERT INTO Faculty(FacultyName) VALUE ('Khoa hoa');
INSERT INTO Faculty(FacultyName) VALUE ('Khoa co khi');
INSERT INTO Faculty(FacultyName) VALUE ('Khoa dien');
INSERT INTO Faculty(FacultyName) VALUE ('Khoa det may');
INSERT INTO Faculty(FacultyName) VALUE ('Khoa dia chat');
INSERT INTO Faculty(FacultyName) VALUE ('Khoa quan ly cong nghiep');
INSERT INTO Faculty(FacultyName) VALUE ('Khoa vat lieu');
INSERT INTO Faculty(FacultyName) VALUE ('Khoa xay dung');

INSERT INTO MemberOfEducationUnit(ID, Gender, Fname, Lname, DOB, Email)
    VALUE ('000000099','M','Nguyen Van','Anh','2000-07-17','A@hcmut.com');
INSERT INTO Employee(EmployeeID, PersonalEID,FEName)
    VALUE ('000099','000000099','Khoa khoa hoc va ki thuat may tinh');
INSERT INTO AAOEmployee(AEID)
    VALUE ('000099');

INSERT INTO MemberOfEducationUnit(ID, Gender, Fname, Lname, DOB, Email)
    VALUE ('000000098','M','Nguyen Van','Ben','2000-07-17','B@hcmut.com');
INSERT INTO Employee(EmployeeID, PersonalEID,FEName)
    VALUE ('000098','000000098','Khoa khoa hoc va ki thuat may tinh');
insert into SeniorLecturer values ('000098');


INSERT INTO Employee(EmployeeID, PersonalEID,FEName)
    VALUE ('000001','000000008','Khoa khoa hoc va ki thuat may tinh');
INSERT INTO Employee(EmployeeID, PersonalEID, FEName)
    VALUE ('000002','000000009','Khoa khoa hoc va ki thuat may tinh');
INSERT INTO Employee(EmployeeID, PersonalEID, FEName)
    VALUE ('000003','000000010','Khoa khoa hoc va ki thuat may tinh');
INSERT INTO Employee(EmployeeID, PersonalEID, FEName)
    VALUE ('000004','000000011','Khoa khoa hoc va ki thuat may tinh');
INSERT INTO Employee(EmployeeID, PersonalEID,FEName)
    VALUE ('000005','000000012','Khoa khoa hoc va ki thuat may tinh');
INSERT INTO AAOEmployee(AEID)
    VALUE ('000001');
INSERT INTO SeniorLecturer(SLID)
    VALUE ('000005');
INSERT INTO Lecturer(LID)
    VALUE ('000002');
INSERT INTO Lecturer(LID)
    VALUE ('000003');
INSERT INTO Lecturer(LID)
    VALUE ('000004');

INSERT INTO Employee(EmployeeID, PersonalEID,FEName)
    VALUE ('000006','000000021','Khoa hoa');
INSERT INTO Employee(EmployeeID, PersonalEID, FEName)
    VALUE ('000007','000000022','Khoa co khi');
INSERT INTO Employee(EmployeeID, PersonalEID, FEName)
    VALUE ('000008','000000023','Khoa xay dung');
INSERT INTO Employee(EmployeeID, PersonalEID, FEName)
    VALUE ('000009','000000024','Khoa vat lieu');
INSERT INTO Employee(EmployeeID, PersonalEID,FEName)
    VALUE ('000010','000000025','Khoa dien');
INSERT INTO Employee(EmployeeID, PersonalEID, FEName)
    VALUE ('000011','000000026','Khoa det may');
INSERT INTO Employee(EmployeeID, PersonalEID, FEName)
    VALUE ('000012','000000027','Khoa dia chat');
INSERT INTO Employee(EmployeeID, PersonalEID,FEName)
    VALUE ('000013','000000028','Khoa quan ly cong nghiep');

INSERT INTO AAOEmployee(AEID)
    VALUE ('000006');
INSERT INTO AAOEmployee(AEID)
    VALUE ('000007');
INSERT INTO AAOEmployee(AEID)
    VALUE ('000008');
INSERT INTO AAOEmployee(AEID)
    VALUE ('000009');
INSERT INTO AAOEmployee(AEID)
    VALUE ('000010');
INSERT INTO AAOEmployee(AEID)
    VALUE ('000011');
INSERT INTO AAOEmployee(AEID)
    VALUE ('000012');
INSERT INTO AAOEmployee(AEID)
    VALUE ('000013');

INSERT INTO Employee(EmployeeID, PersonalEID,FEName)
    VALUE ('000014','000000029','Khoa hoa');
INSERT INTO Employee(EmployeeID, PersonalEID, FEName)
    VALUE ('000015','000000030','Khoa co khi');
INSERT INTO Employee(EmployeeID, PersonalEID, FEName)
    VALUE ('000016','000000031','Khoa xay dung');
INSERT INTO Employee(EmployeeID, PersonalEID, FEName)
    VALUE ('000017','000000032','Khoa vat lieu');
INSERT INTO Employee(EmployeeID, PersonalEID,FEName)
    VALUE ('000018','000000033','Khoa dien');
INSERT INTO Employee(EmployeeID, PersonalEID, FEName)
    VALUE ('000019','000000034','Khoa det may');
INSERT INTO Employee(EmployeeID, PersonalEID, FEName)
    VALUE ('000020','000000035','Khoa dia chat');
INSERT INTO Employee(EmployeeID, PersonalEID,FEName)
    VALUE ('000021','000000036','Khoa quan ly cong nghiep');

INSERT INTO Lecturer(LID)
    VALUE ('000014');
INSERT INTO Lecturer(LID)
    VALUE ('000015');
INSERT INTO Lecturer(LID)
    VALUE ('000016');
INSERT INTO Lecturer(LID)
    VALUE ('000017');
INSERT INTO Lecturer(LID)
    VALUE ('000018');
INSERT INTO Lecturer(LID)
    VALUE ('000019');
INSERT INTO Lecturer(LID)
    VALUE ('000020');
INSERT INTO Lecturer(LID)
    VALUE ('000021');

INSERT INTO Employee(EmployeeID, PersonalEID,FEName)
    VALUE ('000022','000000037','Khoa hoa');
INSERT INTO Employee(EmployeeID, PersonalEID, FEName)
    VALUE ('000023','000000038','Khoa co khi');
INSERT INTO Employee(EmployeeID, PersonalEID, FEName)
    VALUE ('000024','000000039','Khoa xay dung');
INSERT INTO Employee(EmployeeID, PersonalEID, FEName)
    VALUE ('000025','000000040','Khoa vat lieu');
INSERT INTO Employee(EmployeeID, PersonalEID,FEName)
    VALUE ('000026','000000041','Khoa dien');
INSERT INTO Employee(EmployeeID, PersonalEID, FEName)
    VALUE ('000027','000000042','Khoa det may');
INSERT INTO Employee(EmployeeID, PersonalEID, FEName)
    VALUE ('000028','000000043','Khoa dia chat');
INSERT INTO Employee(EmployeeID, PersonalEID,FEName)
    VALUE ('000029','000000044','Khoa quan ly cong nghiep');

INSERT INTO SeniorLecturer(SLID)
    VALUE ('000022');
INSERT INTO SeniorLecturer(SLID)
    VALUE ('000023');
INSERT INTO SeniorLecturer(SLID)
    VALUE ('000024');
INSERT INTO SeniorLecturer(SLID)
    VALUE ('000025');
INSERT INTO SeniorLecturer(SLID)
    VALUE ('000026');
INSERT INTO SeniorLecturer(SLID)
    VALUE ('000027');
INSERT INTO SeniorLecturer(SLID)
    VALUE ('000028');
INSERT INTO SeniorLecturer(SLID)
    VALUE ('000029');

INSERT INTO Student(StudentID,PersonalSID,YearofAdmission, FSName)
VALUES ('1814812','000000001','2017','Khoa khoa hoc va ki thuat may tinh');
INSERT INTO Status(SSID, SemesterStatus, LearningStatus)
VALUES ('1814812',171,0);
INSERT INTO Status(SSID, SemesterStatus, LearningStatus)
VALUES ('1814812',181,0);
INSERT INTO Status(SSID, SemesterStatus, LearningStatus)
VALUES ('1814812',191,0);
INSERT INTO Status(SSID, SemesterStatus, LearningStatus)
VALUES ('1814812',201,0);
INSERT INTO Student(StudentID, PersonalSID,YearofAdmission, FSName)
VALUES ('1810730','000000002','2017','Khoa khoa hoc va ki thuat may tinh');
INSERT INTO Status(SSID, SemesterStatus, LearningStatus)
VALUES ('1810730',171,0);
INSERT INTO Status(SSID, SemesterStatus, LearningStatus)
VALUES ('1810730',181,0);
INSERT INTO Status(SSID, SemesterStatus, LearningStatus)
VALUES ('1810730',191,0);
INSERT INTO Status(SSID, SemesterStatus, LearningStatus)
VALUES ('1810730',201,0);
INSERT INTO Student(StudentID, PersonalSID,YearofAdmission, FSName)
VALUES ('1810078','000000003','2017','Khoa khoa hoc va ki thuat may tinh');
INSERT INTO Status(SSID, SemesterStatus, LearningStatus)
VALUES ('1810078',171,0);
INSERT INTO Status(SSID, SemesterStatus, LearningStatus)
VALUES ('1810078',181,0);
INSERT INTO Status(SSID, SemesterStatus, LearningStatus)
VALUES ('1810078',191,0);
INSERT INTO Status(SSID, SemesterStatus, LearningStatus)
VALUES ('1810078',201,0);
INSERT INTO Student(StudentID, PersonalSID,YearofAdmission, FSName)
VALUES ('1810390','000000004','2017','Khoa khoa hoc va ki thuat may tinh');
INSERT INTO Status(SSID, SemesterStatus, LearningStatus)
VALUES ('1810390',171,0);
INSERT INTO Status(SSID, SemesterStatus, LearningStatus)
VALUES ('1810390',181,0);
INSERT INTO Status(SSID, SemesterStatus, LearningStatus)
VALUES ('1810390',191,0);
INSERT INTO Status(SSID, SemesterStatus, LearningStatus)
VALUES ('1810390',201,0);
INSERT INTO Student(StudentID, PersonalSID,YearofAdmission, FSName)
VALUES ('1812482','000000005','2017','Khoa khoa hoc va ki thuat may tinh');
INSERT INTO Status(SSID, SemesterStatus, LearningStatus)
VALUES ('1812482',171,0);
INSERT INTO Status(SSID, SemesterStatus, LearningStatus)
VALUES ('1812482',181,0);
INSERT INTO Status(SSID, SemesterStatus, LearningStatus)
VALUES ('1812482',191,0);
INSERT INTO Status(SSID, SemesterStatus, LearningStatus)
VALUES ('1812482',201,0);
INSERT INTO Student(StudentID, PersonalSID,YearofAdmission, FSName)
VALUES ('1812890','000000006','2017','Khoa co khi');
INSERT INTO Status(SSID, SemesterStatus, LearningStatus)
VALUES ('1812890',171,0);
INSERT INTO Status(SSID, SemesterStatus, LearningStatus)
VALUES ('1812890',181,0);
INSERT INTO Status(SSID, SemesterStatus, LearningStatus)
VALUES ('1812890',191,0);
INSERT INTO Status(SSID, SemesterStatus, LearningStatus)
VALUES ('1812890',201,0);
INSERT INTO Student(StudentID, PersonalSID,YearofAdmission, FSName)
VALUES ('1813904','000000007','2017','Khoa hoa');
INSERT INTO Status(SSID, SemesterStatus, LearningStatus)
VALUES ('1813904',171,0);
INSERT INTO Status(SSID, SemesterStatus, LearningStatus)
VALUES ('1813904',181,0);
INSERT INTO Status(SSID, SemesterStatus, LearningStatus)
VALUES ('1813904',191,0);
INSERT INTO Status(SSID, SemesterStatus, LearningStatus)
VALUES ('1813904',201,0);

INSERT INTO Student(StudentID,PersonalSID,YearofAdmission, FSName)
VALUES ('1814813','000000013','2017','Khoa dia chat');
INSERT INTO Status(SSID, SemesterStatus, LearningStatus)
VALUES ('1814813',171,0);
INSERT INTO Status(SSID, SemesterStatus, LearningStatus)
VALUES ('1814813',181,0);
INSERT INTO Status(SSID, SemesterStatus, LearningStatus)
VALUES ('1814813',191,0);
INSERT INTO Status(SSID, SemesterStatus, LearningStatus)
VALUES ('1814813',201,0);
INSERT INTO Student(StudentID, PersonalSID,YearofAdmission, FSName)
VALUES ('1810734','000000014','2017','Khoa det may');
INSERT INTO Status(SSID, SemesterStatus, LearningStatus)
VALUES ('1810734',171,0);
INSERT INTO Status(SSID, SemesterStatus, LearningStatus)
VALUES ('1810734',181,0);
INSERT INTO Status(SSID, SemesterStatus, LearningStatus)
VALUES ('1810734',191,0);
INSERT INTO Status(SSID, SemesterStatus, LearningStatus)
VALUES ('1810734',201,0);
INSERT INTO Student(StudentID, PersonalSID,YearofAdmission, FSName)
VALUES ('1810075','000000015','2017','Khoa dien');
INSERT INTO Status(SSID, SemesterStatus, LearningStatus)
VALUES ('1810075',171,0);
INSERT INTO Status(SSID, SemesterStatus, LearningStatus)
VALUES ('1810075',181,0);
INSERT INTO Status(SSID, SemesterStatus, LearningStatus)
VALUES ('1810075',191,0);
INSERT INTO Status(SSID, SemesterStatus, LearningStatus)
VALUES ('1810075',201,0);
INSERT INTO Student(StudentID, PersonalSID,YearofAdmission, FSName)
VALUES ('1810396','000000016','2017','Khoa vat lieu');
INSERT INTO Status(SSID, SemesterStatus, LearningStatus)
VALUES ('1810396',171,0);
INSERT INTO Status(SSID, SemesterStatus, LearningStatus)
VALUES ('1810396',181,0);
INSERT INTO Status(SSID, SemesterStatus, LearningStatus)
VALUES ('1810396',191,0);
INSERT INTO Status(SSID, SemesterStatus, LearningStatus)
VALUES ('1810396',201,0);
INSERT INTO Student(StudentID, PersonalSID,YearofAdmission, FSName)
VALUES ('1812487','000000017','2017','Khoa co khi');
INSERT INTO Status(SSID, SemesterStatus, LearningStatus)
VALUES ('1812487',171,0);
INSERT INTO Status(SSID, SemesterStatus, LearningStatus)
VALUES ('1812487',181,0);
INSERT INTO Status(SSID, SemesterStatus, LearningStatus)
VALUES ('1812487',191,0);
INSERT INTO Status(SSID, SemesterStatus, LearningStatus)
VALUES ('1812487',201,0);
INSERT INTO Student(StudentID, PersonalSID,YearofAdmission, FSName)
VALUES ('1812898','000000018','2017','Khoa xay dung');
INSERT INTO Status(SSID, SemesterStatus, LearningStatus)
VALUES ('1812898',171,0);
INSERT INTO Status(SSID, SemesterStatus, LearningStatus)
VALUES ('1812898',181,0);
INSERT INTO Status(SSID, SemesterStatus, LearningStatus)
VALUES ('1812898',191,0);
INSERT INTO Status(SSID, SemesterStatus, LearningStatus)
VALUES ('1812898',201,0);
INSERT INTO Student(StudentID, PersonalSID,YearofAdmission, FSName)
VALUES ('1813909','000000019','2017','Khoa quan ly cong nghiep');
INSERT INTO Status(SSID, SemesterStatus, LearningStatus)
VALUES ('1813909',171,0);
INSERT INTO Status(SSID, SemesterStatus, LearningStatus)
VALUES ('1813909',181,0);
INSERT INTO Status(SSID, SemesterStatus, LearningStatus)
VALUES ('1813909',191,0);
INSERT INTO Status(SSID, SemesterStatus, LearningStatus)
VALUES ('1813909',201,0);
INSERT INTO Student(StudentID, PersonalSID,YearofAdmission, FSName)
VALUES ('1813920','000000020','2017','Khoa hoa');
INSERT INTO Status(SSID, SemesterStatus, LearningStatus)
VALUES ('1813920',171,0);
INSERT INTO Status(SSID, SemesterStatus, LearningStatus)
VALUES ('1813920',181,0);
INSERT INTO Status(SSID, SemesterStatus, LearningStatus)
VALUES ('1813920',191,0);
INSERT INTO Status(SSID, SemesterStatus, LearningStatus)
VALUES ('1813920',201,0);

INSERT INTO Subject(CID, CName, Status, NoCredits, FCName,SLID)
VALUES ('CO2014','He co so du lieu',True,2,'Khoa khoa hoc va ki thuat may tinh','000002');
INSERT INTO Subject(CID, CName, Status, NoCredits, FCName,SLID)
VALUES ('CO3005','Nguyen ly ngon ngu lap trinh',True,2,'Khoa khoa hoc va ki thuat may tinh','000003');
INSERT INTO Subject(CID, CName, Status, NoCredits, FCName,SLID)
VALUES ('CO2015','Cong nghe phan mem',True,1,'Khoa khoa hoc va ki thuat may tinh','000004');
INSERT INTO Subject(CID, CName, Status, NoCredits, FCName,SLID)
VALUES ('CO2008','Kien truc may tinh',False,1,'Khoa khoa hoc va ki thuat may tinh','000004');

INSERT INTO Class(Year, Semester, CCID)
VALUES (2019,191,'CO2014');

INSERT INTO SubClass(CYear, CSemester, SCID, SID, SCLID)
VALUES (2019,191,'CO2014','L05','000002');
INSERT INTO Attend(AYear, ASemester, ACID, ASID, AStudentID)
VALUES (2019,191,'CO2014','L05','1814812');
INSERT INTO Attend(AYear, ASemester, ACID, ASID, AStudentID)
VALUES (2019,191,'CO2014','L05','1810730');
INSERT INTO Attend(AYear, ASemester, ACID, ASID, AStudentID)
VALUES (2019,191,'CO2014','L05','1810078');
INSERT INTO Attend(AYear, ASemester, ACID, ASID, AStudentID)
VALUES (2019,191,'CO2014','L05','1810390');
INSERT INTO Attend(AYear, ASemester, ACID, ASID, AStudentID)
VALUES (2019,191,'CO2014','L05','1812482');
INSERT INTO `Week`(WYEAR, WSEMESTER, WCID, WSID, NUMBER, WLID)
VALUES (2019, 191, 'CO2014', 'L05', 5, '000002');

INSERT INTO Class(Year, Semester, CCID)
VALUES (2018,181,'CO2015');

INSERT INTO SubClass(CYear, CSemester, SCID, SID, SCLID)
VALUES (2018,181,'CO2015','L05','000004');
INSERT INTO Attend(AYear, ASemester, ACID, ASID, AStudentID)
VALUES (2018,181,'CO2015','L05','1814812');
INSERT INTO Attend(AYear, ASemester, ACID, ASID, AStudentID)
VALUES (2018,181,'CO2015','L05','1810730');
INSERT INTO Attend(AYear, ASemester, ACID, ASID, AStudentID)
VALUES (2018,181,'CO2015','L05','1810078');
INSERT INTO Attend(AYear, ASemester, ACID, ASID, AStudentID)
VALUES (2018,181,'CO2015','L05','1810390');
INSERT INTO Attend(AYear, ASemester, ACID, ASID, AStudentID)
VALUES (2018,181,'CO2015','L05','1812482');
INSERT INTO `Week`(WYEAR, WSEMESTER, WCID, WSID, NUMBER, WLID)
VALUES (2018, 181, 'CO2015', 'L05', 1, '000004');

INSERT INTO Class(Year, Semester, CCID)
VALUES (2017,171,'CO3005');

INSERT INTO SubClass(CYear, CSemester, SCID, SID, SCLID)
VALUES (2017,171,'CO3005','L05','000003');
INSERT INTO Attend(AYear, ASemester, ACID, ASID, AStudentID)
VALUES (2017,171,'CO3005','L05','1814812');
INSERT INTO Attend(AYear, ASemester, ACID, ASID, AStudentID)
VALUES (2017,171,'CO3005','L05','1810730');
INSERT INTO Attend(AYear, ASemester, ACID, ASID, AStudentID)
VALUES (2017,171,'CO3005','L05','1810078');
INSERT INTO Attend(AYear, ASemester, ACID, ASID, AStudentID)
VALUES (2017,171,'CO3005','L05','1810390');
INSERT INTO Attend(AYear, ASemester, ACID, ASID, AStudentID)
VALUES (2017,171,'CO3005','L05','1812482');
INSERT INTO `Week`(WYEAR, WSEMESTER, WCID, WSID, NUMBER, WLID)
VALUES (2017, 171, 'CO3005', 'L05', 1, '000003');

INSERT INTO Class(Year, Semester, CCID)
VALUES (2018,181,'CO2014');

INSERT INTO SubClass(CYear, CSemester, SCID, SID, SCLID)
VALUES (2018,181,'CO2014','L05','000002');
INSERT INTO Attend(AYear, ASemester, ACID, ASID, AStudentID)
VALUES (2018,181,'CO2014','L05','1814812');
INSERT INTO Attend(AYear, ASemester, ACID, ASID, AStudentID)
VALUES (2018,181,'CO2014','L05','1810730');
INSERT INTO Attend(AYear, ASemester, ACID, ASID, AStudentID)
VALUES (2018,181,'CO2014','L05','1810078');
INSERT INTO Attend(AYear, ASemester, ACID, ASID, AStudentID)
VALUES (2018,181,'CO2014','L05','1810390');
INSERT INTO Attend(AYear, ASemester, ACID, ASID, AStudentID)
VALUES (2018,181,'CO2014','L05','1812482');
INSERT INTO `Week`(WYEAR, WSEMESTER, WCID, WSID, NUMBER, WLID)
VALUES (2018, 181, 'CO2014', 'L05', 1, '000002');

INSERT INTO Class(Year, Semester, CCID)
VALUES (2017,171,'CO2014');
INSERT INTO SubClass(CYear, CSemester, SCID, SID, SCLID)
VALUES (2017,171,'CO2014','L05','000002');
INSERT INTO `Week`(WYEAR, WSEMESTER, WCID, WSID, NUMBER, WLID)
VALUES (2017, 171, 'CO2014', 'L05', 1, '000002');

INSERT INTO Subject(CID, CName, Status, NoCredits, FCName,SLID)
VALUES ('CO2020','Nhap mon dien toan',True,2,'Khoa khoa hoc va ki thuat may tinh','000003');
INSERT INTO Subject(CID, CName, Status, NoCredits, FCName,SLID)
VALUES ('CO3006','He dieu hanh',True,2,'Khoa khoa hoc va ki thuat may tinh','000002');
INSERT INTO Subject(CID, CName, Status, NoCredits, FCName,SLID)
VALUES ('CO2016','He quan tri co so du lieu',True,2,'Khoa khoa hoc va ki thuat may tinh','000002');
INSERT INTO Subject(CID, CName, Status, NoCredits, FCName,SLID)
VALUES ('CO2009','Cau truc roi rac',False,1,'Khoa khoa hoc va ki thuat may tinh','000004');

INSERT INTO Class(Year, Semester, CCID)
VALUES (2019,191,'CO2020');
INSERT INTO SubClass(CYear, CSemester, SCID, SID, SCLID)
VALUES (2019,191,'CO2020','L05','000003');
INSERT INTO `Week`(WYEAR, WSEMESTER, WCID, WSID, NUMBER, WLID)
VALUES (2019, 191, 'CO2020', 'L05', 1, '000003');

INSERT INTO Class(Year, Semester, CCID)
VALUES (2018,181,'CO3006');
INSERT INTO SubClass(CYear, CSemester, SCID, SID, SCLID)
VALUES (2018,181,'CO3006','L05','000002');
INSERT INTO `Week`(WYEAR, WSEMESTER, WCID, WSID, NUMBER, WLID)
VALUES (2018, 181, 'CO3006', 'L05', 1, '000002');

INSERT INTO Class(Year, Semester, CCID)
VALUES (2017,171,'CO2016');
INSERT INTO SubClass(CYear, CSemester, SCID, SID, SCLID)
VALUES (2017,171,'CO2016','L05','000002');
INSERT INTO `Week`(WYEAR, WSEMESTER, WCID, WSID, NUMBER, WLID)
VALUES (2017, 171, 'CO2016', 'L05', 1, '000002');

INSERT INTO Class(Year, Semester, CCID)
VALUES (2018,181,'CO2020');
INSERT INTO SubClass(CYear, CSemester, SCID, SID, SCLID)
VALUES (2018,181,'CO2020','L05','000003');
INSERT INTO `Week`(WYEAR, WSEMESTER, WCID, WSID, NUMBER, WLID)
VALUES (2018, 181, 'CO2020', 'L05', 1, '000003');

INSERT INTO Class(Year, Semester, CCID)
VALUES (2017,171,'CO3006');
INSERT INTO SubClass(CYear, CSemester, SCID, SID, SCLID)
VALUES (2017,171,'CO3006','L05','000002');
INSERT INTO `Week`(WYEAR, WSEMESTER, WCID, WSID, NUMBER, WLID)
VALUES (2017, 171, 'CO3006', 'L05', 1, '000002');

INSERT INTO Subject(CID, CName, Status, NoCredits, FCName,SLID)
VALUES ('HO2016','Hoa thi nghiem',True,3,'Khoa hoa','000014');
INSERT INTO Subject(CID, CName, Status, NoCredits, FCName,SLID)
VALUES ('CK3007','Che tao cong nghe',True,3,'Khoa co khi','000015');
INSERT INTO Subject(CID, CName, Status, NoCredits, FCName,SLID)
VALUES ('XD2017','Ky thuat cau duong',True,2,'Khoa xay dung','000016');
INSERT INTO Subject(CID, CName, Status, NoCredits, FCName,SLID)
VALUES ('VL2010','Su ben vat lieu',True,3,'Khoa vat lieu','000017');
INSERT INTO Subject(CID, CName, Status, NoCredits, FCName,SLID)
VALUES ('DO2011','Giai tich mach',True,3,'Khoa dien','000018');
INSERT INTO Subject(CID, CName, Status, NoCredits, FCName,SLID)
VALUES ('DM2011','Ky thuat det',True,3,'Khoa det may','000019');
INSERT INTO Subject(CID, CName, Status, NoCredits, FCName,SLID)
VALUES ('DC2011','Khao sat dia chat',True,3,'Khoa dia chat','000020');
INSERT INTO Subject(CID, CName, Status, NoCredits, FCName,SLID)
VALUES ('CN2011','Quan tri kinh doanh',True,3,'Khoa quan ly cong nghiep','000021');


INSERT INTO Class(Year, Semester, CCID)
VALUES (2019,191,'HO2016');
INSERT INTO SubClass(CYear, CSemester, SCID, SID, SCLID)
VALUES (2019,191,'HO2016','L01','000014');
INSERT INTO Attend(AYear, ASemester, ACID, ASID, AStudentID)
VALUES (2019,191,'HO2016','L01','1813904');
INSERT INTO Attend(AYear, ASemester, ACID, ASID, AStudentID)
VALUES (2019,191,'HO2016','L01','1813920');
INSERT INTO `Week`(WYEAR, WSEMESTER, WCID, WSID, NUMBER, WLID)
VALUES (2019, 191, 'HO2016', 'L01', 1, '000014');

INSERT INTO Class(Year, Semester, CCID)
VALUES (2018,181,'CK3007');
INSERT INTO SubClass(CYear, CSemester, SCID, SID, SCLID)
VALUES (2018,181,'CK3007','L01','000015');
INSERT INTO Attend(AYear, ASemester, ACID, ASID, AStudentID)
VALUES (2018,181,'CK3007','L01','1812487');
INSERT INTO Attend(AYear, ASemester, ACID, ASID, AStudentID)
VALUES (2018,181,'CK3007','L01','1812890');
INSERT INTO `Week`(WYEAR, WSEMESTER, WCID, WSID, NUMBER, WLID)
VALUES (2018, 181, 'CK3007', 'L01', 1, '000015');

INSERT INTO Class(Year, Semester, CCID)
VALUES (2017,171,'XD2017');
INSERT INTO SubClass(CYear, CSemester, SCID, SID, SCLID)
VALUES (2017,171,'XD2017','L01','000016');
INSERT INTO Attend(AYear, ASemester, ACID, ASID, AStudentID)
VALUES (2017,171,'XD2017','L01','1812898');
INSERT INTO `Week`(WYEAR, WSEMESTER, WCID, WSID, NUMBER, WLID)
VALUES (2017, 171, 'XD2017', 'L01', 1, '000016');

INSERT INTO Class(Year, Semester, CCID)
VALUES (2019,191,'VL2010');
INSERT INTO SubClass(CYear, CSemester, SCID, SID, SCLID)
VALUES (2019,191,'VL2010','L01','000017');
INSERT INTO Attend(AYear, ASemester, ACID, ASID, AStudentID)
VALUES (2019,191,'VL2010','L01','1810396');
INSERT INTO `Week`(WYEAR, WSEMESTER, WCID, WSID, NUMBER, WLID)
VALUES (2019, 191, 'VL2010', 'L01', 1, '000017');

INSERT INTO Class(Year, Semester, CCID)
VALUES (2018,181,'DO2011');
INSERT INTO SubClass(CYear, CSemester, SCID, SID, SCLID)
VALUES (2018,181,'DO2011','L01','000018');
INSERT INTO Attend(AYear, ASemester, ACID, ASID, AStudentID)
VALUES (2018,181,'DO2011','L01','1810075');
INSERT INTO `Week`(WYEAR, WSEMESTER, WCID, WSID, NUMBER, WLID)
VALUES (2018, 181, 'DO2011', 'L01', 1, '000018');

INSERT INTO Class(Year, Semester, CCID)
VALUES (2017,171,'DM2011');
INSERT INTO SubClass(CYear, CSemester, SCID, SID, SCLID)
VALUES (2017,171,'DM2011','L01','000019');
INSERT INTO Attend(AYear, ASemester, ACID, ASID, AStudentID)
VALUES (2017,171,'DM2011','L01','1810734');
INSERT INTO `Week`(WYEAR, WSEMESTER, WCID, WSID, NUMBER, WLID)
VALUES (2017, 171, 'DM2011', 'L01', 1, '000019');

INSERT INTO Class(Year, Semester, CCID)
VALUES (2018,181,'DC2011');
INSERT INTO SubClass(CYear, CSemester, SCID, SID, SCLID)
VALUES (2018,181,'DC2011','L01','000020');
INSERT INTO Attend(AYear, ASemester, ACID, ASID, AStudentID)
VALUES (2018,181,'DC2011','L01','1814813');
INSERT INTO `Week`(WYEAR, WSEMESTER, WCID, WSID, NUMBER, WLID)
VALUES (2018, 181, 'DC2011', 'L01', 1, '000020');

INSERT INTO Class(Year, Semester, CCID)
VALUES (2017,171,'CN2011');
INSERT INTO SubClass(CYear, CSemester, SCID, SID, SCLID)
VALUES (2017,171,'CN2011','L01','000021');
INSERT INTO Attend(AYear, ASemester, ACID, ASID, AStudentID)
VALUES (2017,171,'CN2011','L01','1813909');
INSERT INTO `Week`(WYEAR, WSEMESTER, WCID, WSID, NUMBER, WLID)
VALUES (2017, 171, 'CN2011', 'L01', 1, '000021');

INSERT INTO Publisher(pname, location)
VALUES ('Addison-Wesley','AMERICAN');
INSERT INTO Publisher(pname, location)
VALUES ('Prentice Hall','AMERICAN');
INSERT INTO Textbook(ISBN, TName, TPName)
VALUES ('1234567','Fundamentals of Database Systems','Addison-Wesley');
INSERT INTO Textbook(ISBN, TName, TPName)
VALUES ('1234568',' Database Systems – A Practical Approach to Design','Addison-Wesley');
INSERT INTO Textbook(ISBN, TName, TPName)
VALUES ('1234569','Database Systems Using Oracle','Prentice Hall');

INSERT INTO Category(CISBN, CategoryName)
values ('1234567','database');
INSERT INTO Category(CISBN, CategoryName)
values ('1234568','database');
INSERT INTO Category(CISBN, CategoryName)
values ('1234569','database');
INSERT INTO PublishingYear(PYISBN, PYear)
VALUES ('1234567',2015);
INSERT INTO PublishingYear(PYISBN, PYear)
VALUES ('1234568',2016);
INSERT INTO PublishingYear(PYISBN, PYear)
VALUES ('1234569',2017);

INSERT INTO  Author(AID, AName)
VALUES ('1234561','Elmasri');
INSERT INTO  Author(AID, AName)
VALUES ('1234562','S.B. Navathe');
INSERT INTO  Author(AID, AName)
VALUES ('1234563','N. Shah');
INSERT INTO Class(Year, Semester, CCID)
VALUES (2020,201,'CO2014');
INSERT INTO Class(Year, Semester, CCID)
VALUES (2019,191,'CO2015');
INSERT INTO Class(Year, Semester, CCID)
VALUES (2020,201,'CO3005');

INSERT INTO Publisher(pname, location)
VALUES ('Wiliam Nguyen','Viet Nam');
INSERT INTO Publisher(pname, location)
VALUES ('Mango Tran','Viet Nam');
INSERT INTO Publisher(pname, location)
VALUES ('Le Viet','Viet Nam');
INSERT INTO Publisher(pname, location)
VALUES ('Tran Quan','Viet Nam');
INSERT INTO Publisher(pname, location)
VALUES ('Nguyen Tung','Viet Nam');
INSERT INTO Publisher(pname, location)
VALUES ('Le Sach','Viet Nam');
INSERT INTO Publisher(pname, location)
VALUES ('Dien Bao','Viet Nam');
INSERT INTO Publisher(pname, location)
VALUES ('Mai Tuan','Viet Nam');
INSERT INTO Publisher(pname, location)
VALUES ('Le Nam','Viet Nam');

INSERT INTO Textbook(ISBN, TName, TPName)
VALUES ('1111111','Nen tang ngon ngu lap trinh','Wiliam Nguyen');
INSERT INTO Textbook(ISBN, TName, TPName)
VALUES ('2222222','Thiet ke phan mem','Mango Tran');
INSERT INTO Textbook(ISBN, TName, TPName)
VALUES ('3333333','Kien truc may tinh','Le Viet');
INSERT INTO Textbook(ISBN, TName, TPName)
VALUES ('4444444','nhap mon cong nghe','Tran Quan');
INSERT INTO Textbook(ISBN, TName, TPName)
VALUES ('5555555','He dieu hanh','Nguyen Tung');
INSERT INTO Textbook(ISBN, TName, TPName)
VALUES ('6666666','Cau truc roi rac trong toan hoc','Dien Bao');

INSERT INTO Category(CISBN, CategoryName)
values ('1111111','ppl');
INSERT INTO Category(CISBN, CategoryName)
values ('2222222','cong nghe');
INSERT INTO Category(CISBN, CategoryName)
values ('3333333','may tinh');
INSERT INTO Category(CISBN, CategoryName)
values ('4444444','cong nghe');
INSERT INTO Category(CISBN, CategoryName)
values ('5555555','he dieu hanh');
INSERT INTO Category(CISBN, CategoryName)
values ('6666666','toan');
INSERT INTO PublishingYear(PYISBN, PYear)
VALUES ('1111111',2015);
INSERT INTO PublishingYear(PYISBN, PYear)
VALUES ('2222222',2016);
INSERT INTO PublishingYear(PYISBN, PYear)
VALUES ('3333333',2017);
INSERT INTO PublishingYear(PYISBN, PYear)
VALUES ('4444444',2015);
INSERT INTO PublishingYear(PYISBN, PYear)
VALUES ('5555555',2016);
INSERT INTO PublishingYear(PYISBN, PYear)
VALUES ('6666666',2017);

INSERT INTO Textbook(ISBN, TName, TPName)
VALUES ('7777777','Hoa dai cuong','Wiliam Nguyen');
INSERT INTO Textbook(ISBN, TName, TPName)
VALUES ('8888888','Che tao cong nghe moi','Mango Tran');
INSERT INTO Textbook(ISBN, TName, TPName)
VALUES ('9999999','Ky thuat cau duong hien dai','Le Viet');
INSERT INTO Textbook(ISBN, TName, TPName)
VALUES ('1212121','Suc ben vat lieu','Tran Quan');
INSERT INTO Textbook(ISBN, TName, TPName)
VALUES ('1313131','Giai tich mach','Nguyen Tung');
INSERT INTO Textbook(ISBN, TName, TPName)
VALUES ('1414141','Kien thuc co ban ve ky thuat det','Dien Bao');

INSERT INTO Category(CISBN, CategoryName)
values ('7777777','hoa hoc');
INSERT INTO Category(CISBN, CategoryName)
values ('8888888','cong nghe');
INSERT INTO Category(CISBN, CategoryName)
values ('9999999','cau duong');
INSERT INTO Category(CISBN, CategoryName)
values ('1212121','vat lieu');
INSERT INTO Category(CISBN, CategoryName)
values ('1313131','toan');
INSERT INTO Category(CISBN, CategoryName)
values ('1414141','det may');
INSERT INTO PublishingYear(PYISBN, PYear)
VALUES ('7777777',2015);
INSERT INTO PublishingYear(PYISBN, PYear)
VALUES ('8888888',2016);
INSERT INTO PublishingYear(PYISBN, PYear)
VALUES ('9999999',2017);
INSERT INTO PublishingYear(PYISBN, PYear)
VALUES ('1212121',2015);
INSERT INTO PublishingYear(PYISBN, PYear)
VALUES ('1313131',2016);
INSERT INTO PublishingYear(PYISBN, PYear)
VALUES ('1414141',2017);

INSERT INTO  Author(AID, AName)
VALUES ('2323232','Elmasri');
INSERT INTO  Author(AID, AName)
VALUES ('2424242','S.B. Nivina');
INSERT INTO  Author(AID, AName)
VALUES ('2525252','N. Shimba');
INSERT INTO  Author(AID, AName)
VALUES ('2626262','Kaka');
INSERT INTO  Author(AID, AName)
VALUES ('2727272','S.B. Ronaldo');
INSERT INTO  Author(AID, AName)
VALUES ('2828282','N. Messi');
INSERT INTO  Author(AID, AName)
VALUES ('2929292','Eho');
INSERT INTO  Author(AID, AName)
VALUES ('3030303','Vonla');
INSERT INTO  Author(AID, AName)
VALUES ('3131313','Vali');
INSERT INTO  Author(AID, AName)
VALUES ('3232323','Zoro');
INSERT INTO  Author(AID, AName)
VALUES ('3434344','Naruto');
INSERT INTO  Author(AID, AName)
VALUES ('3535353','Luffy');


#INSERT INTO SubClass(CYear, CSemester, SCID, SID, SCLID)
#VALUES (2020,201,'CO2014','L14','000002');
#INSERT INTO SubClass(CYear, CSemester, SCID, SID, SCLID)
#VALUES (2020,201,'CO2014','L13','000002');
#INSERT INTO SubClass(CYear, CSemester, SCID, SID, SCLID)
#VALUES (2020,201,'CO2014','L04','000002');
#INSERT INTO SubClass(CYear, CSemester, SCID, SID, SCLID)
#VALUES (2019,191,'CO2015','L05','000003');
#INSERT INTO Attend(AYear, ASemester, ACID, ASID, AStudentID)
#VALUES (2020,201,'CO2014','L14','1813904');
#INSERT INTO `Week`(WYEAR, WSEMESTER, WCID, WSID, NUMBER, WLID)
#VALUES (2020, 201, 'CO2014', 'L14', 5, '000002');




INSERT INTO `Use` (UCID, UISBN)
VALUES ('CO2014','1234567');
INSERT INTO `Use`(UCID, UISBN)
VALUES ('CO2014','1234568');
INSERT INTO `Use`(UCID, UISBN)
VALUES ('CO2014','1234569');
insert into MainlyUse(MCID, MISBD)
VALUES ('CO2014','1234567');
insert into MainlyUse(MCID, MISBD)
VALUES ('CO2014','1234568');
INSERT INTO Prerequisite(Csuper, Csub)
values ('CO2014','CO2008');
INSERT INTO Prerequisite(Csuper, Csub)
values ('CO2015','CO2008');
INSERT INTO Parallel(Psuper, Psub)
VALUES ('CO2014','CO3005');

#INSERT INTO Attend(AYear, ASemester, ACID, ASID, AStudentID)
#VALUES (2020,201,'CO2014','L14','1814812');
#INSERT INTO Attend(AYear, ASemester, ACID, ASID, AStudentID)
#VALUES (2020,201,'CO2014','L14','1810730');
#INSERT INTO Attend(AYear, ASemester, ACID, ASID, AStudentID)
#VALUES (2020,201,'CO2014','L14','1810390');
#INSERT INTO Attend(AYear, ASemester, ACID, ASID, AStudentID)
#VALUES (2020,201,'CO2014','L14','1810078');
#INSERT INTO Attend(AYear, ASemester, ACID, ASID, AStudentID)
#VALUES (2020,201,'CO2014','L14','1812482');
#INSERT INTO Attend(AYear, ASemester, ACID, ASID, AStudentID)
#VALUES (2020,201,'CO2014','L14','1813904');
#INSERT INTO `Week`(WYEAR, WSEMESTER, WCID, WSID, NUMBER, WLID)
#VALUES (2020, 201, 'CO2014', 'L14', 5, '000002');

INSERT INTO Written_by(WISBN, WAID)
VALUES ('1234567','1234561');
INSERT INTO Written_by(WISBN, WAID)
VALUES ('1234567','1234562');
INSERT INTO Written_by(WISBN, WAID)
VALUES ('1234568','1234563');
INSERT INTO Written_by(WISBN, WAID)
VALUES ('1234568','1234562');
INSERT INTO Phone(MOEID, PhoneNumber)
VALUES ('000000001','0919523753');
INSERT INTO Phone(MOEID, PhoneNumber)
VALUES ('000000002','0914527871');
INSERT INTO Phone(MOEID, PhoneNumber)
VALUES ('000000001','0919523123');
INSERT INTO Phone(MOEID, PhoneNumber)
VALUES ('000000003','0819523232');
INSERT INTO Phone(MOEID, PhoneNumber)
VALUES ('000000004','0919525817');
INSERT INTO Phone(MOEID, PhoneNumber)
VALUES ('000000005','0914597874');
INSERT INTO Phone(MOEID, PhoneNumber)
VALUES ('000000006','0919529811');
INSERT INTO Phone(MOEID, PhoneNumber)
VALUES ('000000007','0819561651');
INSERT INTO Phone(MOEID, PhoneNumber)
VALUES ('000000008','0919523872');
INSERT INTO Phone(MOEID, PhoneNumber)
VALUES ('000000009','0914528789');
INSERT INTO Phone(MOEID, PhoneNumber)
VALUES ('000000010','0919523612');
INSERT INTO Phone(MOEID, PhoneNumber)
VALUES ('000000011','0819521222');
INSERT INTO Phone(MOEID, PhoneNumber)
VALUES ('000000012','0919523232');
INSERT INTO Phone(MOEID, PhoneNumber)
VALUES ('000000013','0914526464');
INSERT INTO Phone(MOEID, PhoneNumber)
VALUES ('000000014','0919598989');
INSERT INTO Phone(MOEID, PhoneNumber)
VALUES ('000000015','0819526988');
INSERT INTO Phone(MOEID, PhoneNumber)
VALUES ('000000016','0919523525');
INSERT INTO Phone(MOEID, PhoneNumber)
VALUES ('000000017','0914528372');
INSERT INTO Phone(MOEID, PhoneNumber)
VALUES ('000000018','0919590898');
INSERT INTO Phone(MOEID, PhoneNumber)
VALUES ('000000019','0819526234');
INSERT INTO Phone(MOEID, PhoneNumber)
VALUES ('000000020','0919523341');
INSERT INTO Phone(MOEID, PhoneNumber)
VALUES ('000000021','0914523233');
INSERT INTO Phone(MOEID, PhoneNumber)
VALUES ('000000022','0919523722');
INSERT INTO Phone(MOEID, PhoneNumber)
VALUES ('000000023','0819523566');
#INSERT INTO Status(SSID, SemesterStatus, LearningStatus)
#VALUES ('1810730',181,0);
#INSERT INTO Status(SSID, SemesterStatus, LearningStatus)
#VALUES ('1810078',2,2);
#INSERT INTO Status(SSID, SemesterStatus, LearningStatus)
#VALUES ('1810390',3,2);
#INSERT INTO Status(SSID, SemesterStatus, LearningStatus)
#VALUES ('1814812','201',0);

use LEARNING_TEACHING_ACCOUNT;
insert into Account values ('000000001','student1','12345');
insert into Account values ('000000002','student2','12345');
insert into Account values ('000000003','student3','12345');
insert into Account values ('000000004','student4','12345');
insert into Account values ('000000005','student5','12345');
insert into Account values ('000000006','student6','12345');
insert into Account values ('000000007','student7','12345');
insert into Account values ('000000013','student8','12345');
insert into Account values ('000000014','student9','12345');
insert into Account values ('000000015','student10','12345');
insert into Account values ('000000016','student11','12345');
insert into Account values ('000000017','student12','12345');
insert into Account values ('000000018','student13','12345');
insert into Account values ('000000019','student14','12345');
insert into Account values ('000000020','student15','12345');
insert into Account values ('000000003','student16','12345');
insert into Account values ('000000008','aaoemployee1','12345');
insert into Account values ('000000021','aaoemployee2','12345');
insert into Account values ('000000022','aaoemployee3','12345');
insert into Account values ('000000023','aaoemployee4','12345');
insert into Account values ('000000024','aaoemployee5','12345');
insert into Account values ('000000025','aaoemployee6','12345');
insert into Account values ('000000026','aaoemployee7','12345');
insert into Account values ('000000027','aaoemployee8','12345');
insert into Account values ('000000028','aaoemployee9','12345');
insert into Account values ('000000009','lecturer1','12345');
insert into Account values ('000000010','lecturer2','12345');
insert into Account values ('000000011','lecturer3','12345');
insert into Account values ('000000029','lecturer4','12345');
insert into Account values ('000000030','lecturer5','12345');
insert into Account values ('000000031','lecturer6','12345');
insert into Account values ('000000032','lecturer7','12345');
insert into Account values ('000000033','lecturer8','12345');
insert into Account values ('000000034','lecturer9','12345');
insert into Account values ('000000035','lecturer10','12345');
insert into Account values ('000000036','lecturer11','12345');

insert into Account values ('000000012','faculty1','12345');
insert into Account values ('000000037','faculty2','12345');
insert into Account values ('000000038','faculty3','12345');
insert into Account values ('000000039','faculty4','12345');
insert into Account values ('000000040','faculty5','12345');
insert into Account values ('000000041','faculty6','12345');
insert into Account values ('000000042','faculty7','12345');
insert into Account values ('000000043','faculty8','12345');
insert into Account values ('000000044','faculty9','12345');